종목코드,종목명,돌파확인일,진입가,오늘종가
003570,SNT다이내믹스,2026-09-29,30650,30700
009150,삼성전기,2026-09-29,1548000,1550000
003030,세아제강지주,2026-09-29,109600,109900
010040,한국내화,2026-09-29,1675,1679
001040,CJ,2026-09-29,135800,136500
000240,한국앤컴퍼니,2026-09-28,25050,24850
007810,코리아써키트,2026-09-28,67900,75800
005070,코스모신소재,2026-09-28,43550,43600
071320,지역난방공사,2026-09-28,78600,79000
353200,대덕전자,2026-09-28,120700,132300
011930,신성이엔지,2026-09-28,17300,17770
487570,HS효성,2026-09-28,49450,51600
018470,조일알미늄,2026-09-28,5200,5240
000590,CS홀딩스,2026-09-28,68500,70400
024900,디와이덕양,2026-09-28,2170,2190
103590,일진전기,2026-09-23,77600,82300
006120,SK디스커버리,2026-09-23,57700,63300
005930,삼성전자,2026-09-23,283500,275000
